MLS,Street Address,City,Zip,Bedroom,Bathroom,Price,Neighborhood
1500,1517 Tellus. Road,Vannes,90753,2,2,70839,36
1501,1686 Per Avenue,Kitscoty,24064,2,3,492191,18
1502,271-9571 Consequat St.,KarapÄ±nar,38558,2,2,459718,35
1503,4511 Magna St.,Melrose,21507,2,4,2199467,24
1504,4680 Tortor Rd.,Lexington,11973,2,2,863726,31
1505,670-9316 Purus Rd.,Daussoulx,91009,2,1,1198622,38
1506,677-4991 Bibendum St.,Casacalenda,98434,2,2,504013,34
1507,7339 Magna Av.,Porbandar,90257,2,1,2046667,23
1508,7515 Semper St.,Momignies,48871,2,1,1272325,34
1509,768-5994 Orci. St.,Siegendorf,34679,2,1,1975887,32
1510,8167 Arcu. St.,Troon,52795,2,1,253266,9
1511,896-7760 Suspendisse Street,Tollembeek,82590,2,5,1146381,29
1512,965-7229 Tincidunt Ave,North Battleford,84081,2,4,642554,9
1513,385-4948 Lacus. Rd.,Grandrieu,86972,3,1,1768903,42
1514,552-9919 Sociis Rd.,Bonnyville,99824,3,4,769824,42
1515,6426 Tempus Street,Sint-Genesius-Rode,85656,3,3,1372262,35
1516,268-8875 Orci Street,Renca,86311,4,2,65051,33
1517,2821 Nunc Av.,Konstanz,14714,4,1,959694,12
1518,4011 Urna St.,Warburg,58060,4,4,312782,38
1519,593-7545 Accumsan St.,White Rock,19982,4,5,563654,13
1520,6196 Porttitor Av.,Tailles,81407,4,3,536006,17
1521,6817 Morbi Rd.,Tacoma,26120,4,1,2719044,15
1522,714-2923 Porttitor Rd.,Wazirabad,73796,4,1,1029675,49
1523,7734 Non Street,Smithers,16220,4,4,353180,30
1524,8155 Tempus Av.,Collipulli,81665,4,3,76962,7
1525,132-8547 Nunc. St.,Harrogate,90119,5,4,1205559,2
1526,7911 Et Road,Whitchurch,55538,5,4,1453861,3
1527,802-2986 Elit. Rd.,Falerone,78026,5,4,243788,29
1528,9042 Ornare St.,Tacoma,31475,5,2,1836936,34
1529,9191 Semper Rd.,Tacoma,39693,5,4,1899985,22
1530,1200 Curae Av.,Tacoma,30947,6,3,2257853,31
1531,1649 Arcu. St.,Sant'Urbano,49238,6,5,638000,26
1532,324-4108 Ac Avenue,Uluberia,59383,6,4,1697358,27
1533,3342 Et Rd.,Hampstead,54589,6,4,908031,22
1534,434-2355 Phasellus Street,Vucht,65634,6,5,1792597,33
1535,467 Pellentesque St.,Newtown,78135,6,5,2811746,28
1536,6069 Ac St.,Carleton,69038,6,1,786749,41
1537,6511 Enim St.,Colchester,19144,6,4,1160980,3
1538,1107 Arcu Street,Innisfail,16056,7,2,1211081,39
1539,2303 Ut St.,San Donato di Ninea,54801,7,5,2453268,26
1540,3550 Dolor Avenue,Barddhaman,80131,7,4,1109795,36
1541,5389 Et St.,Valleyview,89813,7,3,755786,3
1542,6756 Molestie. Road,Gols,76726,7,5,2919427,39
1543,8422 Lectus St.,Tacoma,27199,7,4,690720,29
1544,922-3614 Sem Ave,Limelette,80515,7,4,386379,27
